{
  "a504ae5c-8e32-4b2a-9459-80c1c203c634": {
    "assetUuid": "a504ae5c-8e32-4b2a-9459-80c1c203c634",
    "animationUuid": "",
    "expandLevels": [
      "0",
      "0_0",
      "0_1",
      "0_1_0",
      "0_1_0_3"
    ]
  },
  "eba5db18-0821-4a99-8171-4ce210c0efe6": {
    "assetUuid": "eba5db18-0821-4a99-8171-4ce210c0efe6",
    "animationUuid": "",
    "expandLevels": [
      "0",
      "0_0"
    ]
  },
  "3ef5a7e4-89c6-427f-bf5b-55533acc0445": {
    "assetUuid": "3ef5a7e4-89c6-427f-bf5b-55533acc0445",
    "animationUuid": "",
    "expandLevels": [
      "0",
      "0_0",
      "0_0_2",
      "0_0_2_0",
      "0_0_3",
      "0_0_4",
      "0_0_4_3",
      "0_0_4_4"
    ]
  },
  "c77ecaa8-c936-46c4-a5b0-98692673ed87": {
    "assetUuid": "c77ecaa8-c936-46c4-a5b0-98692673ed87",
    "animationUuid": "",
    "expandLevels": [
      "0",
      "0_0"
    ]
  },
  "ee5b0d74-5e5e-41c7-9cf8-88f2b1212637": {
    "assetUuid": "ee5b0d74-5e5e-41c7-9cf8-88f2b1212637",
    "animationUuid": "",
    "expandLevels": [
      "0"
    ]
  },
  "eecd55da-71f9-45f9-afb2-99c4bae99685": {
    "assetUuid": "eecd55da-71f9-45f9-afb2-99c4bae99685",
    "animationUuid": "",
    "expandLevels": [
      "0",
      "0_1"
    ]
  },
  "7a927bf0-b52d-436c-a349-3fe3f38fd5f1": {
    "assetUuid": "7a927bf0-b52d-436c-a349-3fe3f38fd5f1",
    "animationUuid": "",
    "expandLevels": [
      "0"
    ]
  }
}
