{
  "__type__": "cc.SpriteFrame",
  "content": {
    "name": "cyan",
    "atlas": "",
    "rect": {
      "x": 152,
      "y": 188,
      "width": 280,
      "height": 388
    },
    "offset": {
      "x": -8,
      "y": -82
    },
    "originalSize": {
      "width": 600,
      "height": 600
    },
    "rotated": false,
    "capInsets": [
      0,
      0,
      0,
      0
    ],
    "vertices": {
      "rawPosition": [
        -140,
        -194,
        0,
        140,
        -194,
        0,
        -140,
        194,
        0,
        140,
        194,
        0
      ],
      "indexes": [
        0,
        1,
        2,
        2,
        1,
        3
      ],
      "uv": [
        152,
        412,
        432,
        412,
        152,
        24,
        432,
        24
      ],
      "nuv": [
        0.25333333333333335,
        0.04,
        0.72,
        0.04,
        0.25333333333333335,
        0.6866666666666666,
        0.72,
        0.6866666666666666
      ],
      "minPos": {
        "x": -140,
        "y": -194,
        "z": 0
      },
      "maxPos": {
        "x": 140,
        "y": 194,
        "z": 0
      }
    },
    "texture": "40e6645b-ea4d-438e-ab28-5dda1f884a29@6c48a",
    "packable": true,
    "pixelsToUnit": 100,
    "pivot": {
      "x": 0.5,
      "y": 0.5
    },
    "meshType": 0
  }
}