{
  "__type__": "cc.SpriteFrame",
  "content": {
    "name": "WhiteRectangle",
    "atlas": "",
    "rect": {
      "x": 0,
      "y": 0,
      "width": 400,
      "height": 224
    },
    "offset": {
      "x": 0,
      "y": 0
    },
    "originalSize": {
      "width": 400,
      "height": 224
    },
    "rotated": false,
    "capInsets": [
      0,
      0,
      0,
      0
    ],
    "vertices": {
      "rawPosition": [
        -200,
        -112,
        0,
        200,
        -112,
        0,
        -200,
        112,
        0,
        200,
        112,
        0
      ],
      "indexes": [
        0,
        1,
        2,
        2,
        1,
        3
      ],
      "uv": [
        0,
        224,
        400,
        224,
        0,
        0,
        400,
        0
      ],
      "nuv": [
        0,
        0,
        1,
        0,
        0,
        1,
        1,
        1
      ],
      "minPos": {
        "x": -200,
        "y": -112,
        "z": 0
      },
      "maxPos": {
        "x": 200,
        "y": 112,
        "z": 0
      }
    },
    "texture": "ce952085-0ac3-4cc4-b7e8-9cb4db91057b@6c48a",
    "packable": true,
    "pixelsToUnit": 100,
    "pivot": {
      "x": 0.5,
      "y": 0.5
    },
    "meshType": 0
  }
}