{
  "a504ae5c-8e32-4b2a-9459-80c1c203c634": {
    "url": "db://assets/Scenes/1.Bootstrap.scene",
    "value": {
      "depends": [
        "a504ae5c-8e32-4b2a-9459-80c1c203c634",
        "64b16ad6-1edb-4ca0-ad1a-909d92f1d46c",
        "812d14d1-4537-4646-b5c6-dece544a2878",
        "036a94a7-9fa8-4e67-9c59-182485619fdb",
        "f4583d54-ac0c-4dac-bf9b-8860f9d19180"
      ],
      "dependScripts": [
        "ec01e1fe-e31b-4a7c-a0bc-897f166383ec",
        "1d3217cb-76ef-4cf3-9502-3466610224d5",
        "be16bd7e-69e5-426a-a434-34e155ae56f7",
        "f3cc2d34-834d-4275-b68d-7454e934bd67",
        "6d5d6d46-e296-4481-bea7-9b6ec74d65e8"
      ]
    },
    "versionCode": 0
  },
  "ec01e1fe-e31b-4a7c-a0bc-897f166383ec": {
    "url": "db://assets/Core/Bootstrap.ts",
    "value": {},
    "versionCode": 0
  },
  "0e4d9b9c-0836-461b-aab1-cd48ab166697": {
    "url": "db://assets/Core",
    "value": {},
    "versionCode": 0
  },
  "7fd1338e-8507-4397-b0f4-3ab2c28f552b": {
    "url": "db://assets/Scenes",
    "value": {},
    "versionCode": 0
  },
  "d69065c1-34cb-46ac-a26c-979f76910cf8": {
    "url": "db://assets/Core/GameCore.ts",
    "value": {},
    "versionCode": 0
  },
  "9c8a8b21-e987-43d4-b737-a2e5c989055f": {
    "url": "db://assets/Core/SceneManager.ts",
    "value": {},
    "versionCode": 0
  },
  "3ef5a7e4-89c6-427f-bf5b-55533acc0445": {
    "url": "db://assets/Scenes/2.Game.scene",
    "value": {
      "depends": [
        "3ef5a7e4-89c6-427f-bf5b-55533acc0445",
        "60103c11-e205-42d2-b72d-c5a8d5b69fce@f9941",
        "ee5b0d74-5e5e-41c7-9cf8-88f2b1212637",
        "eecd55da-71f9-45f9-afb2-99c4bae99685",
        "20835ba4-6145-4fbc-a58a-051ce700aa3e@f9941",
        "544e49d6-3f05-4fa8-9a9e-091f98fc2ce8@f9941",
        "951249e0-9f16-456d-8b85-a6ca954da16b@f9941",
        "bd1bcaba-bd7d-4a71-b143-997c882383e4@f9941",
        "b730527c-3233-41c2-aaf7-7cdab58f9749@f9941"
      ],
      "dependScripts": [
        "4d04985b-d0c1-40df-bc8c-89e78e6d37b2",
        "618a0410-f496-44fa-80e6-5099a132bb8f",
        "1a0052e4-8038-4ed5-b073-d8397d54f0a5",
        "e6e618e8-b3bb-450b-bcaf-c7114b30688f",
        "5b0004b2-21ae-4ab6-aa7d-1d51657ee7e4",
        "116b7186-3cae-4f99-8dc0-afa7cd5cdbd8",
        "bb8e4682-56d4-4c01-8661-18a50ae6bfe0",
        "42db80f8-6817-4220-81be-e2dd1813211c",
        "1ea5c69b-81d4-4989-b362-ab552a4df078",
        "79d9052e-6c4e-4714-bf1e-66b7afc1cc42"
      ]
    },
    "versionCode": 0
  },
  "eba5db18-0821-4a99-8171-4ce210c0efe6": {
    "url": "db://assets/Scenes/3.Game.scene",
    "value": {},
    "versionCode": 0
  },
  "1541ba2b-40b7-452f-8eaf-d14339dfc8a2": {
    "url": "db://assets/Core/SceneContext",
    "value": {},
    "versionCode": 0
  },
  "42db80f8-6817-4220-81be-e2dd1813211c": {
    "url": "db://assets/Core/Context/GameSceneContext.ts",
    "value": {},
    "versionCode": 0
  },
  "2ae0a26d-45b2-456b-9f34-d6c97e3fedf5": {
    "url": "db://assets/Core/Context/StartSceneContext.ts",
    "value": {},
    "versionCode": 0
  },
  "2f37595f-e2a1-4dc4-a683-6c1e9c17c907": {
    "url": "db://assets/Core/Context",
    "value": {},
    "versionCode": 0
  },
  "1d3217cb-76ef-4cf3-9502-3466610224d5": {
    "url": "db://assets/Core/Context/ProjectContext.ts",
    "value": {},
    "versionCode": 0
  },
  "72135a25-1a5e-4c88-be34-ddcbb3dc5490": {
    "url": "db://assets/Core/Services",
    "value": {},
    "versionCode": 0
  },
  "0ed8783e-7244-45bf-a0d9-36ca6e5989f1": {
    "url": "db://assets/Core/Context/Context.ts",
    "value": {},
    "versionCode": 0
  },
  "a264ded7-ef29-4d06-8189-a4dbb9f551c0": {
    "url": "db://assets/Core/Services/SceneManager.ts",
    "value": {},
    "versionCode": 0
  },
  "ea23bf14-43c9-4eef-abd4-b97e74ce77d8": {
    "url": "db://assets/Core/Services/StartGameUI.ts",
    "value": {},
    "versionCode": 0
  },
  "880fcb40-6d97-4b17-ab8b-76d525d122a0": {
    "url": "db://assets/Core/GameStateMachine.ts",
    "value": {},
    "versionCode": 0
  },
  "591d6650-2725-4277-8509-c35dce663a6b": {
    "url": "db://assets/Core/Character",
    "value": {},
    "versionCode": 0
  },
  "4d04985b-d0c1-40df-bc8c-89e78e6d37b2": {
    "url": "db://assets/Core/Character/CharacterFabric.ts",
    "value": {},
    "versionCode": 0
  },
  "a4784025-c422-4a5b-a985-cb9ea0d56b57": {
    "url": "db://assets/Core/Character/CharacterMediator.ts",
    "value": {},
    "versionCode": 0
  },
  "2054b9d6-c19e-4136-ba12-a83e373c89b9": {
    "url": "db://assets/Core/Character/CharacterMovement.ts",
    "value": {},
    "versionCode": 0
  },
  "f13d70d9-f3ae-4e2f-812c-6594612f2a88": {
    "url": "db://assets/Sprites",
    "value": {},
    "versionCode": 0
  },
  "60103c11-e205-42d2-b72d-c5a8d5b69fce": {
    "url": "db://assets/Sprites/background-day.png",
    "value": {
      "depends": []
    },
    "versionCode": 0
  },
  "60103c11-e205-42d2-b72d-c5a8d5b69fce@6c48a": {
    "url": "db://assets/Sprites/background-day.png@6c48a",
    "value": {
      "depends": [
        "60103c11-e205-42d2-b72d-c5a8d5b69fce"
      ]
    },
    "versionCode": 0
  },
  "60103c11-e205-42d2-b72d-c5a8d5b69fce@f9941": {
    "url": "db://assets/Sprites/background-day.png@f9941",
    "value": {
      "depends": [
        "60103c11-e205-42d2-b72d-c5a8d5b69fce@6c48a"
      ]
    },
    "versionCode": 0
  },
  "3409eafd-71b1-4ea5-a280-acdc21d5cd54": {
    "url": "db://assets/Core/Character/CharacterStick.ts",
    "value": {},
    "versionCode": 0
  },
  "f3cc2d34-834d-4275-b68d-7454e934bd67": {
    "url": "db://assets/Core/SceneStateMachine.ts",
    "value": {},
    "versionCode": 0
  },
  "51f78f73-b323-4821-b4c1-4478b2f0ce39": {
    "url": "db://assets/Core/Services/GameUIMediator.ts",
    "value": {},
    "versionCode": 0
  },
  "e1b676c2-5da6-48b4-8265-c5a882911bf1": {
    "url": "db://assets/Core/GameStates",
    "value": {},
    "versionCode": 0
  },
  "d99804e6-55a5-451b-b725-322664ece214": {
    "url": "db://assets/Core/UI",
    "value": {},
    "versionCode": 0
  },
  "1ea5c69b-81d4-4989-b362-ab552a4df078": {
    "url": "db://assets/Core/GameStates/GameStateMachine.ts",
    "value": {},
    "versionCode": 0
  },
  "bb8e4682-56d4-4c01-8661-18a50ae6bfe0": {
    "url": "db://assets/Core/UI/GameUIMediator.ts",
    "value": {},
    "versionCode": 0
  },
  "22c5edd9-3c53-496e-a7cc-c473bc6336f9": {
    "url": "db://assets/Core/UI/UiPanel.ts",
    "value": {},
    "versionCode": 0
  },
  "a48edd78-3d1a-47d6-af88-185711bc579b": {
    "url": "db://assets/Core/Character/Platform.ts",
    "value": {},
    "versionCode": 0
  },
  "686bca87-d53d-4d0b-a0be-c74b9e24285c": {
    "url": "db://assets/Core/Context/SceneContext.ts",
    "value": {},
    "versionCode": 0
  },
  "4d9df7fb-b410-40f4-be3d-4fdac550f4ce": {
    "url": "db://assets/Core/Services/InputService.ts",
    "value": {},
    "versionCode": 0
  },
  "116b7186-3cae-4f99-8dc0-afa7cd5cdbd8": {
    "url": "db://assets/Core/UI/CurtainUI.ts",
    "value": {},
    "versionCode": 0
  },
  "5b0004b2-21ae-4ab6-aa7d-1d51657ee7e4": {
    "url": "db://assets/Core/UI/EndgameUiPanel.ts",
    "value": {},
    "versionCode": 0
  },
  "e6e618e8-b3bb-450b-bcaf-c7114b30688f": {
    "url": "db://assets/Core/UI/GameUIPanel.ts",
    "value": {},
    "versionCode": 0
  },
  "1a0052e4-8038-4ed5-b073-d8397d54f0a5": {
    "url": "db://assets/Core/UI/MenuUiPanel.ts",
    "value": {},
    "versionCode": 0
  },
  "618a0410-f496-44fa-80e6-5099a132bb8f": {
    "url": "db://assets/Core/Character/PlatformFabric.ts",
    "value": {},
    "versionCode": 0
  },
  "a68c2cef-90ab-4b9d-97c5-43a095b02008": {
    "url": "db://assets/Core/Character/CharacterVisual.ts",
    "value": {},
    "versionCode": 0
  },
  "7d0877a1-0e8a-4b80-bf0e-a34445e3eeb8": {
    "url": "db://assets/Core/Utils",
    "value": {},
    "versionCode": 0
  },
  "5b3e8e6c-4bb6-48cb-8bdc-95ba38e30aae": {
    "url": "db://assets/Core/Utils/Utils.ts",
    "value": {},
    "versionCode": 0
  },
  "38dd4de4-ef73-4179-a97c-017a6da1812b": {
    "url": "db://assets/Prefab",
    "value": {},
    "versionCode": 0
  },
  "ee5b0d74-5e5e-41c7-9cf8-88f2b1212637": {
    "url": "db://assets/Prefab/Character.prefab",
    "value": {
      "depends": [
        "40e6645b-ea4d-438e-ab28-5dda1f884a29@f9941"
      ],
      "dependScripts": [
        "a68c2cef-90ab-4b9d-97c5-43a095b02008",
        "a4784025-c422-4a5b-a985-cb9ea0d56b57",
        "2054b9d6-c19e-4136-ba12-a83e373c89b9"
      ]
    },
    "versionCode": 0
  },
  "eecd55da-71f9-45f9-afb2-99c4bae99685": {
    "url": "db://assets/Prefab/Platform.prefab",
    "value": {
      "depends": [
        "ce952085-0ac3-4cc4-b7e8-9cb4db91057b@f9941",
        "7a927bf0-b52d-436c-a349-3fe3f38fd5f1"
      ],
      "dependScripts": [
        "CC3eba29-7abb-723a-f7ab-ae275e2277e8",
        "a48edd78-3d1a-47d6-af88-185711bc579b"
      ]
    },
    "versionCode": 0
  },
  "4d355509-1938-44ec-ba11-125a382f8d95": {
    "url": "db://assets/Core/Character/Stick.ts",
    "value": {},
    "versionCode": 0
  },
  "7a927bf0-b52d-436c-a349-3fe3f38fd5f1": {
    "url": "db://assets/Prefab/Stick.prefab",
    "value": {
      "depends": [
        "bd1bcaba-bd7d-4a71-b143-997c882383e4@f9941"
      ],
      "dependScripts": [
        "4d355509-1938-44ec-ba11-125a382f8d95"
      ]
    },
    "versionCode": 0
  },
  "c1041107-7f76-4ff5-baee-92a48a9f03ff": {
    "url": "db://assets/Core/Character/CharacterStick.ts",
    "value": {},
    "versionCode": 0
  },
  "b71cda48-e3f0-4366-8d69-61bd017fd8b6": {
    "url": "db://assets/Core/Services/InputHandler.ts",
    "value": {},
    "versionCode": 0
  },
  "79d9052e-6c4e-4714-bf1e-66b7afc1cc42": {
    "url": "db://assets/Core/Services/PlayerProfile.ts",
    "value": {},
    "versionCode": 0
  },
  "6d5d6d46-e296-4481-bea7-9b6ec74d65e8": {
    "url": "db://assets/Core/Services/SaveLoad.ts",
    "value": {},
    "versionCode": 0
  },
  "be16bd7e-69e5-426a-a434-34e155ae56f7": {
    "url": "db://assets/Core/Services/SoundManager.ts",
    "value": {},
    "versionCode": 0
  },
  "e704cb54-7fe3-4cd6-bc7a-8990e49407c2": {
    "url": "db://assets/Audio",
    "value": {},
    "versionCode": 0
  },
  "f4583d54-ac0c-4dac-bf9b-8860f9d19180": {
    "url": "db://assets/Audio/back.wav",
    "value": {
      "depends": []
    },
    "versionCode": 0
  },
  "812d14d1-4537-4646-b5c6-dece544a2878": {
    "url": "db://assets/Audio/Lose.wav",
    "value": {
      "depends": []
    },
    "versionCode": 0
  },
  "036a94a7-9fa8-4e67-9c59-182485619fdb": {
    "url": "db://assets/Audio/raisingStick.wav",
    "value": {
      "depends": []
    },
    "versionCode": 0
  },
  "64b16ad6-1edb-4ca0-ad1a-909d92f1d46c": {
    "url": "db://assets/Audio/winPoint.wav",
    "value": {
      "depends": []
    },
    "versionCode": 0
  },
  "ce952085-0ac3-4cc4-b7e8-9cb4db91057b": {
    "url": "db://assets/Sprites/WhiteRectangle.png",
    "value": {
      "depends": []
    },
    "versionCode": 0
  },
  "ce952085-0ac3-4cc4-b7e8-9cb4db91057b@6c48a": {
    "url": "db://assets/Sprites/WhiteRectangle.png@6c48a",
    "value": {
      "depends": [
        "ce952085-0ac3-4cc4-b7e8-9cb4db91057b"
      ]
    },
    "versionCode": 0
  },
  "ce952085-0ac3-4cc4-b7e8-9cb4db91057b@f9941": {
    "url": "db://assets/Sprites/WhiteRectangle.png@f9941",
    "value": {
      "depends": [
        "ce952085-0ac3-4cc4-b7e8-9cb4db91057b@6c48a"
      ]
    },
    "versionCode": 0
  },
  "40e6645b-ea4d-438e-ab28-5dda1f884a29": {
    "url": "db://assets/Sprites/cyan.png",
    "value": {
      "depends": []
    },
    "versionCode": 0
  },
  "40e6645b-ea4d-438e-ab28-5dda1f884a29@6c48a": {
    "url": "db://assets/Sprites/cyan.png@6c48a",
    "value": {
      "depends": [
        "40e6645b-ea4d-438e-ab28-5dda1f884a29"
      ]
    },
    "versionCode": 0
  },
  "40e6645b-ea4d-438e-ab28-5dda1f884a29@f9941": {
    "url": "db://assets/Sprites/cyan.png@f9941",
    "value": {
      "depends": [
        "40e6645b-ea4d-438e-ab28-5dda1f884a29@6c48a"
      ]
    },
    "versionCode": 0
  }
}
