{
  "version": "1.0.0",
  "map": {
    "C:\\Users\\ACER\\Documents\\CocosProjects\\bridger\\assets\\Core.meta": {
      "time": 1709890916253.767
    },
    "C:\\Users\\ACER\\Documents\\CocosProjects\\bridger\\assets\\Scenes.meta": {
      "time": 1709890916254.4126
    },
    "C:\\Users\\ACER\\Documents\\CocosProjects\\bridger\\assets\\Core\\Bootstrap.ts.meta": {
      "time": 1709835863392.5452
    },
    "C:\\Users\\ACER\\Documents\\CocosProjects\\bridger\\assets\\Core": {
      "time": 1710242681570.105,
      "uuid": "0e4d9b9c-0836-461b-aab1-cd48ab166697"
    },
    "C:\\Users\\ACER\\Documents\\CocosProjects\\bridger\\assets\\Scenes": {
      "time": 1710150266174.8596,
      "uuid": "7fd1338e-8507-4397-b0f4-3ab2c28f552b"
    },
    "C:\\Users\\ACER\\Documents\\CocosProjects\\bridger\\assets\\Core\\Bootstrap.ts": {
      "time": 1709899168384.6826,
      "uuid": "ec01e1fe-e31b-4a7c-a0bc-897f166383ec"
    },
    "C:\\Users\\ACER\\Documents\\CocosProjects\\bridger\\assets\\Core\\Context.meta": {
      "time": 1709894757334.6917
    },
    "C:\\Users\\ACER\\Documents\\CocosProjects\\bridger\\assets\\Core\\Context\\GameSceneContext.ts.meta": {
      "time": 1709893593511.9685
    },
    "C:\\Users\\ACER\\Documents\\CocosProjects\\bridger\\assets\\Core\\Context\\ProjectContext.ts.meta": {
      "time": 1709894757336.6995
    },
    "C:\\Users\\ACER\\Documents\\CocosProjects\\bridger\\assets\\Core\\Context": {
      "time": 1710418469569.009,
      "uuid": "2f37595f-e2a1-4dc4-a683-6c1e9c17c907"
    },
    "C:\\Users\\ACER\\Documents\\CocosProjects\\bridger\\assets\\Core\\Context\\GameSceneContext.ts": {
      "time": 1710418469569.009,
      "uuid": "42db80f8-6817-4220-81be-e2dd1813211c"
    },
    "C:\\Users\\ACER\\Documents\\CocosProjects\\bridger\\assets\\Core\\Context\\ProjectContext.ts": {
      "time": 1710417191566.2368,
      "uuid": "1d3217cb-76ef-4cf3-9502-3466610224d5"
    },
    "C:\\Users\\ACER\\Documents\\CocosProjects\\bridger\\assets\\Core\\Services.meta": {
      "time": 1709901103037.2292
    },
    "C:\\Users\\ACER\\Documents\\CocosProjects\\bridger\\assets\\Core\\Context\\Context.ts.meta": {
      "time": 1709901103039.7534
    },
    "C:\\Users\\ACER\\Documents\\CocosProjects\\bridger\\assets\\Core\\Services\\SceneManager.ts.meta": {
      "time": 1709901103042.2705
    },
    "C:\\Users\\ACER\\Documents\\CocosProjects\\bridger\\assets\\Core\\Services": {
      "time": 1710418121417.8003,
      "uuid": "72135a25-1a5e-4c88-be34-ddcbb3dc5490"
    },
    "C:\\Users\\ACER\\Documents\\CocosProjects\\bridger\\assets\\Core\\Context\\Context.ts": {
      "time": 1710239113816.4272,
      "uuid": "0ed8783e-7244-45bf-a0d9-36ca6e5989f1"
    },
    "C:\\Users\\ACER\\Documents\\CocosProjects\\bridger\\assets\\Core\\Services\\SceneManager.ts": {
      "time": 1709899168379.2,
      "uuid": "a264ded7-ef29-4d06-8189-a4dbb9f551c0"
    },
    "C:\\Users\\ACER\\Documents\\CocosProjects\\bridger\\assets\\Scenes\\1.Bootstrap.scene.meta": {
      "time": 1709835748033.1172
    },
    "C:\\Users\\ACER\\Documents\\CocosProjects\\bridger\\assets\\Scenes\\1.Bootstrap.scene": {
      "time": 1710418728886.4895,
      "uuid": "a504ae5c-8e32-4b2a-9459-80c1c203c634"
    },
    "C:\\Users\\ACER\\Documents\\CocosProjects\\bridger\\assets\\Core\\Character.meta": {
      "time": 1709907386537.9873
    },
    "C:\\Users\\ACER\\Documents\\CocosProjects\\bridger\\assets\\Core\\Character\\CharacterFabric.ts.meta": {
      "time": 1709907386538.9868
    },
    "C:\\Users\\ACER\\Documents\\CocosProjects\\bridger\\assets\\Core\\Character\\CharacterMediator.ts.meta": {
      "time": 1709907386539.9915
    },
    "C:\\Users\\ACER\\Documents\\CocosProjects\\bridger\\assets\\Core\\Character\\CharacterMovement.ts.meta": {
      "time": 1709907386541.685
    },
    "C:\\Users\\ACER\\Documents\\CocosProjects\\bridger\\assets\\Core\\Character": {
      "time": 1710419580408.6443,
      "uuid": "591d6650-2725-4277-8509-c35dce663a6b"
    },
    "C:\\Users\\ACER\\Documents\\CocosProjects\\bridger\\assets\\Core\\Character\\CharacterFabric.ts": {
      "time": 1710289841804.3423,
      "uuid": "4d04985b-d0c1-40df-bc8c-89e78e6d37b2"
    },
    "C:\\Users\\ACER\\Documents\\CocosProjects\\bridger\\assets\\Core\\Character\\CharacterMediator.ts": {
      "time": 1710330304314.2468,
      "uuid": "a4784025-c422-4a5b-a985-cb9ea0d56b57"
    },
    "C:\\Users\\ACER\\Documents\\CocosProjects\\bridger\\assets\\Core\\Character\\CharacterMovement.ts": {
      "time": 1710330026309.3132,
      "uuid": "2054b9d6-c19e-4136-ba12-a83e373c89b9"
    },
    "C:\\Users\\ACER\\Documents\\CocosProjects\\bridger\\assets\\Sprites.meta": {
      "time": 1709907516142.017
    },
    "C:\\Users\\ACER\\Documents\\CocosProjects\\bridger\\assets\\Sprites": {
      "time": 1710419041746.865,
      "uuid": "f13d70d9-f3ae-4e2f-812c-6594612f2a88"
    },
    "C:\\Users\\ACER\\Documents\\CocosProjects\\bridger\\assets\\Sprites\\background-day.png.meta": {
      "time": 1709907536394.2815
    },
    "C:\\Users\\ACER\\Documents\\CocosProjects\\bridger\\assets\\Sprites\\background-day.png": {
      "time": 1709112006917.5613,
      "uuid": "60103c11-e205-42d2-b72d-c5a8d5b69fce"
    },
    "C:\\Users\\ACER\\Documents\\CocosProjects\\bridger\\assets\\Core\\SceneStateMachine.ts.meta": {
      "time": 1710150234531.4014
    },
    "C:\\Users\\ACER\\Documents\\CocosProjects\\bridger\\assets\\Core\\SceneStateMachine.ts": {
      "time": 1710173116007.8677,
      "uuid": "f3cc2d34-834d-4275-b68d-7454e934bd67"
    },
    "C:\\Users\\ACER\\Documents\\CocosProjects\\bridger\\assets\\Scenes\\2.Game.scene.meta": {
      "time": 1709891847912.2788
    },
    "C:\\Users\\ACER\\Documents\\CocosProjects\\bridger\\assets\\Scenes\\2.Game.scene": {
      "time": 1710417081706.1265,
      "uuid": "3ef5a7e4-89c6-427f-bf5b-55533acc0445"
    },
    "C:\\Users\\ACER\\Documents\\CocosProjects\\bridger\\assets\\Core\\GameStates.meta": {
      "time": 1710150677166.5513
    },
    "C:\\Users\\ACER\\Documents\\CocosProjects\\bridger\\assets\\Core\\UI.meta": {
      "time": 1710150677166.5513
    },
    "C:\\Users\\ACER\\Documents\\CocosProjects\\bridger\\assets\\Core\\GameStates\\GameStateMachine.ts.meta": {
      "time": 1710150677168.552
    },
    "C:\\Users\\ACER\\Documents\\CocosProjects\\bridger\\assets\\Core\\UI\\GameUIMediator.ts.meta": {
      "time": 1710150677169.5522
    },
    "C:\\Users\\ACER\\Documents\\CocosProjects\\bridger\\assets\\Core\\UI\\UiPanel.ts.meta": {
      "time": 1710150677169.5522
    },
    "C:\\Users\\ACER\\Documents\\CocosProjects\\bridger\\assets\\Core\\GameStates": {
      "time": 1710419400906.407,
      "uuid": "e1b676c2-5da6-48b4-8265-c5a882911bf1"
    },
    "C:\\Users\\ACER\\Documents\\CocosProjects\\bridger\\assets\\Core\\UI": {
      "time": 1710419597536.8972,
      "uuid": "d99804e6-55a5-451b-b725-322664ece214"
    },
    "C:\\Users\\ACER\\Documents\\CocosProjects\\bridger\\assets\\Core\\GameStates\\GameStateMachine.ts": {
      "time": 1710419400906.407,
      "uuid": "1ea5c69b-81d4-4989-b362-ab552a4df078"
    },
    "C:\\Users\\ACER\\Documents\\CocosProjects\\bridger\\assets\\Core\\UI\\GameUIMediator.ts": {
      "time": 1710411436999.8484,
      "uuid": "bb8e4682-56d4-4c01-8661-18a50ae6bfe0"
    },
    "C:\\Users\\ACER\\Documents\\CocosProjects\\bridger\\assets\\Core\\UI\\UiPanel.ts": {
      "time": 1710327450767.082,
      "uuid": "22c5edd9-3c53-496e-a7cc-c473bc6336f9"
    },
    "C:\\Users\\ACER\\Documents\\CocosProjects\\bridger\\assets\\Core\\Character\\Platform.ts.meta": {
      "time": 1710158670435.0955
    },
    "C:\\Users\\ACER\\Documents\\CocosProjects\\bridger\\assets\\Core\\Context\\SceneContext.ts.meta": {
      "time": 1710158670436.0938
    },
    "C:\\Users\\ACER\\Documents\\CocosProjects\\bridger\\assets\\Core\\UI\\CurtainUI.ts.meta": {
      "time": 1710158670437.0935
    },
    "C:\\Users\\ACER\\Documents\\CocosProjects\\bridger\\assets\\Core\\UI\\EndgameUiPanel.ts.meta": {
      "time": 1710158670439.0974
    },
    "C:\\Users\\ACER\\Documents\\CocosProjects\\bridger\\assets\\Core\\UI\\GameUIPanel.ts.meta": {
      "time": 1710158670440.1033
    },
    "C:\\Users\\ACER\\Documents\\CocosProjects\\bridger\\assets\\Core\\UI\\MenuUiPanel.ts.meta": {
      "time": 1710158670441.1028
    },
    "C:\\Users\\ACER\\Documents\\CocosProjects\\bridger\\assets\\Core\\Character\\Platform.ts": {
      "time": 1710418628405.3599,
      "uuid": "a48edd78-3d1a-47d6-af88-185711bc579b"
    },
    "C:\\Users\\ACER\\Documents\\CocosProjects\\bridger\\assets\\Core\\Context\\SceneContext.ts": {
      "time": 1710152779830.5295,
      "uuid": "686bca87-d53d-4d0b-a0be-c74b9e24285c"
    },
    "C:\\Users\\ACER\\Documents\\CocosProjects\\bridger\\assets\\Core\\UI\\CurtainUI.ts": {
      "time": 1710419597535.9023,
      "uuid": "116b7186-3cae-4f99-8dc0-afa7cd5cdbd8"
    },
    "C:\\Users\\ACER\\Documents\\CocosProjects\\bridger\\assets\\Core\\UI\\EndgameUiPanel.ts": {
      "time": 1710419406277.5063,
      "uuid": "5b0004b2-21ae-4ab6-aa7d-1d51657ee7e4"
    },
    "C:\\Users\\ACER\\Documents\\CocosProjects\\bridger\\assets\\Core\\UI\\GameUIPanel.ts": {
      "time": 1710411437018.9067,
      "uuid": "e6e618e8-b3bb-450b-bcaf-c7114b30688f"
    },
    "C:\\Users\\ACER\\Documents\\CocosProjects\\bridger\\assets\\Core\\UI\\MenuUiPanel.ts": {
      "time": 1710326369132.7793,
      "uuid": "1a0052e4-8038-4ed5-b073-d8397d54f0a5"
    },
    "C:\\Users\\ACER\\Documents\\CocosProjects\\bridger\\assets\\Core\\Character\\PlatformFabric.ts.meta": {
      "time": 1710238000154.6516
    },
    "C:\\Users\\ACER\\Documents\\CocosProjects\\bridger\\assets\\Core\\Character\\PlatformFabric.ts": {
      "time": 1710419580407.6467,
      "uuid": "618a0410-f496-44fa-80e6-5099a132bb8f"
    },
    "C:\\Users\\ACER\\Documents\\CocosProjects\\bridger\\assets\\Core\\Character\\CharacterVisual.ts.meta": {
      "time": 1710240509604.7537
    },
    "C:\\Users\\ACER\\Documents\\CocosProjects\\bridger\\assets\\Core\\Character\\CharacterVisual.ts": {
      "time": 1710240571795.224,
      "uuid": "a68c2cef-90ab-4b9d-97c5-43a095b02008"
    },
    "C:\\Users\\ACER\\Documents\\CocosProjects\\bridger\\assets\\Core\\Utils.meta": {
      "time": 1710242681572.1648
    },
    "C:\\Users\\ACER\\Documents\\CocosProjects\\bridger\\assets\\Core\\Utils\\Utils.ts.meta": {
      "time": 1710242681573.1538
    },
    "C:\\Users\\ACER\\Documents\\CocosProjects\\bridger\\assets\\Core\\Utils": {
      "time": 1710242681571.1028,
      "uuid": "7d0877a1-0e8a-4b80-bf0e-a34445e3eeb8"
    },
    "C:\\Users\\ACER\\Documents\\CocosProjects\\bridger\\assets\\Core\\Utils\\Utils.ts": {
      "time": 1710241680830.6736,
      "uuid": "5b3e8e6c-4bb6-48cb-8bdc-95ba38e30aae"
    },
    "C:\\Users\\ACER\\Documents\\CocosProjects\\bridger\\assets\\Prefab.meta": {
      "time": 1710242832813.0068
    },
    "C:\\Users\\ACER\\Documents\\CocosProjects\\bridger\\assets\\Prefab": {
      "time": 1710288912332.5115,
      "uuid": "38dd4de4-ef73-4179-a97c-017a6da1812b"
    },
    "C:\\Users\\ACER\\Documents\\CocosProjects\\bridger\\assets\\Prefab\\Character.prefab.meta": {
      "time": 1710245876047.7026
    },
    "C:\\Users\\ACER\\Documents\\CocosProjects\\bridger\\assets\\Prefab\\Character.prefab": {
      "time": 1710419620045.2798,
      "uuid": "ee5b0d74-5e5e-41c7-9cf8-88f2b1212637"
    },
    "C:\\Users\\ACER\\Documents\\CocosProjects\\bridger\\assets\\Prefab\\Platform.prefab.meta": {
      "time": 1710245879011.6692
    },
    "C:\\Users\\ACER\\Documents\\CocosProjects\\bridger\\assets\\Prefab\\Platform.prefab": {
      "time": 1710418965017.5818,
      "uuid": "eecd55da-71f9-45f9-afb2-99c4bae99685"
    },
    "C:\\Users\\ACER\\Documents\\CocosProjects\\bridger\\assets\\Core\\Character\\Stick.ts.meta": {
      "time": 1710288341830.124
    },
    "C:\\Users\\ACER\\Documents\\CocosProjects\\bridger\\assets\\Core\\Character\\Stick.ts": {
      "time": 1710290743813.0464,
      "uuid": "4d355509-1938-44ec-ba11-125a382f8d95"
    },
    "C:\\Users\\ACER\\Documents\\CocosProjects\\bridger\\assets\\Prefab\\Stick.prefab.meta": {
      "time": 1710288912338.512
    },
    "C:\\Users\\ACER\\Documents\\CocosProjects\\bridger\\assets\\Prefab\\Stick.prefab": {
      "time": 1710289802109.0378,
      "uuid": "7a927bf0-b52d-436c-a349-3fe3f38fd5f1"
    },
    "C:\\Users\\ACER\\Documents\\CocosProjects\\bridger\\assets\\Core\\Character\\CharacterStick.ts.meta": {
      "time": 1710289757421.3933
    },
    "C:\\Users\\ACER\\Documents\\CocosProjects\\bridger\\assets\\Core\\Character\\CharacterStick.ts": {
      "time": 1710289730039.847,
      "uuid": "c1041107-7f76-4ff5-baee-92a48a9f03ff"
    },
    "C:\\Users\\ACER\\Documents\\CocosProjects\\bridger\\assets\\Core\\Services\\InputHandler.ts.meta": {
      "time": 1710345969223.794
    },
    "C:\\Users\\ACER\\Documents\\CocosProjects\\bridger\\assets\\Core\\Services\\InputHandler.ts": {
      "time": 1710409565047.9329,
      "uuid": "b71cda48-e3f0-4366-8d69-61bd017fd8b6"
    },
    "C:\\Users\\ACER\\Documents\\CocosProjects\\bridger\\assets\\Core\\Services\\PlayerProfile.ts.meta": {
      "time": 1710361798338.1167
    },
    "C:\\Users\\ACER\\Documents\\CocosProjects\\bridger\\assets\\Core\\Services\\PlayerProfile.ts": {
      "time": 1710413712225.881,
      "uuid": "79d9052e-6c4e-4714-bf1e-66b7afc1cc42"
    },
    "C:\\Users\\ACER\\Documents\\CocosProjects\\bridger\\assets\\Core\\Services\\SaveLoad.ts.meta": {
      "time": 1710411169558.2454
    },
    "C:\\Users\\ACER\\Documents\\CocosProjects\\bridger\\assets\\Core\\Services\\SaveLoad.ts": {
      "time": 1710410004814.7407,
      "uuid": "6d5d6d46-e296-4481-bea7-9b6ec74d65e8"
    },
    "C:\\Users\\ACER\\Documents\\CocosProjects\\bridger\\assets\\Core\\Services\\SoundManager.ts.meta": {
      "time": 1710413883144.792
    },
    "C:\\Users\\ACER\\Documents\\CocosProjects\\bridger\\assets\\Core\\Services\\SoundManager.ts": {
      "time": 1710418121416.7993,
      "uuid": "be16bd7e-69e5-426a-a434-34e155ae56f7"
    },
    "C:\\Users\\ACER\\Documents\\CocosProjects\\bridger\\assets\\Audio.meta": {
      "time": 1710417584508.9739
    },
    "C:\\Users\\ACER\\Documents\\CocosProjects\\bridger\\assets\\Audio": {
      "time": 1710418377586.7666,
      "uuid": "e704cb54-7fe3-4cd6-bc7a-8990e49407c2"
    },
    "C:\\Users\\ACER\\Documents\\CocosProjects\\bridger\\assets\\Audio\\back.wav.meta": {
      "time": 1710417618372.8945
    },
    "C:\\Users\\ACER\\Documents\\CocosProjects\\bridger\\assets\\Audio\\back.wav": {
      "time": 1710417565653.675,
      "uuid": "f4583d54-ac0c-4dac-bf9b-8860f9d19180"
    },
    "C:\\Users\\ACER\\Documents\\CocosProjects\\bridger\\assets\\Audio\\Lose.wav.meta": {
      "time": 1710417773134.592
    },
    "C:\\Users\\ACER\\Documents\\CocosProjects\\bridger\\assets\\Audio\\Lose.wav": {
      "time": 1710417758312.9175,
      "uuid": "812d14d1-4537-4646-b5c6-dece544a2878"
    },
    "C:\\Users\\ACER\\Documents\\CocosProjects\\bridger\\assets\\Audio\\raisingStick.wav.meta": {
      "time": 1710418083362.0713
    },
    "C:\\Users\\ACER\\Documents\\CocosProjects\\bridger\\assets\\Audio\\raisingStick.wav": {
      "time": 1710418068787.7695,
      "uuid": "036a94a7-9fa8-4e67-9c59-182485619fdb"
    },
    "C:\\Users\\ACER\\Documents\\CocosProjects\\bridger\\assets\\Audio\\winPoint.wav.meta": {
      "time": 1710418377604.745
    },
    "C:\\Users\\ACER\\Documents\\CocosProjects\\bridger\\assets\\Audio\\winPoint.wav": {
      "time": 1710418365510.746,
      "uuid": "64b16ad6-1edb-4ca0-ad1a-909d92f1d46c"
    },
    "C:\\Users\\ACER\\Documents\\CocosProjects\\bridger\\assets\\Sprites\\WhiteRectangle.png.meta": {
      "time": 1710418922608.3164
    },
    "C:\\Users\\ACER\\Documents\\CocosProjects\\bridger\\assets\\Sprites\\WhiteRectangle.png": {
      "time": 1710418893974.8765,
      "uuid": "ce952085-0ac3-4cc4-b7e8-9cb4db91057b"
    },
    "C:\\Users\\ACER\\Documents\\CocosProjects\\bridger\\assets\\Sprites\\cyan.png.meta": {
      "time": 1710419028515.5315
    },
    "C:\\Users\\ACER\\Documents\\CocosProjects\\bridger\\assets\\Sprites\\cyan.png": {
      "time": 1710419016505.363,
      "uuid": "40e6645b-ea4d-438e-ab28-5dda1f884a29"
    }
  },
  "missing": {
    "a504ae5c-8e32-4b2a-9459-80c1c203c634": {
      "path": "C:\\Users\\ACER\\Documents\\CocosProjects\\bridger\\assets\\Scenes\\Bootstrap.scene",
      "time": 1709905428409.9565,
      "removeTime": 1709906163123
    },
    "ec01e1fe-e31b-4a7c-a0bc-897f166383ec": {
      "path": "C:\\Users\\ACER\\Documents\\CocosProjects\\bridger\\assets\\Bootstrap.ts",
      "time": 1709890384522.1045,
      "removeTime": 1709890916248
    },
    "1541ba2b-40b7-452f-8eaf-d14339dfc8a2": {
      "path": "C:\\Users\\ACER\\Documents\\CocosProjects\\bridger\\assets\\Core\\SceneContext",
      "time": 1709893593508.318,
      "removeTime": 1709894757329
    },
    "42db80f8-6817-4220-81be-e2dd1813211c": {
      "path": "C:\\Users\\ACER\\Documents\\CocosProjects\\bridger\\assets\\Core\\SceneContext\\GameSceneContext.ts",
      "time": 1709893529171.4082,
      "removeTime": 1709894757330
    },
    "2ae0a26d-45b2-456b-9f34-d6c97e3fedf5": {
      "path": "C:\\Users\\ACER\\Documents\\CocosProjects\\bridger\\assets\\Core\\Context\\StartSceneContext.ts",
      "time": 1710150676919.2024,
      "removeTime": 1710158670427
    },
    "9c8a8b21-e987-43d4-b737-a2e5c989055f": {
      "path": "C:\\Users\\ACER\\Documents\\CocosProjects\\bridger\\assets\\Core\\SceneManager.ts",
      "time": 1709899168379.2,
      "removeTime": 1709901103028
    },
    "d69065c1-34cb-46ac-a26c-979f76910cf8": {
      "path": "C:\\Users\\ACER\\Documents\\CocosProjects\\bridger\\assets\\Core\\GameCore.ts",
      "time": 1709902990302.1536,
      "removeTime": 1709904628429
    },
    "3ef5a7e4-89c6-427f-bf5b-55533acc0445": {
      "path": "C:\\Users\\ACER\\Documents\\CocosProjects\\bridger\\assets\\Scenes\\2.StartScene.scene",
      "time": 1709906166045.904,
      "removeTime": 1710150260762
    },
    "eba5db18-0821-4a99-8171-4ce210c0efe6": {
      "path": "C:\\Users\\ACER\\Documents\\CocosProjects\\bridger\\assets\\Scenes\\3.Game.scene",
      "time": 1709922145495.9075,
      "removeTime": 1710150266197
    },
    "ea23bf14-43c9-4eef-abd4-b97e74ce77d8": {
      "path": "C:\\Users\\ACER\\Documents\\CocosProjects\\bridger\\assets\\Core\\Services\\StartGameUI.ts",
      "time": 1710149258368.628,
      "removeTime": 1710150234527
    },
    "880fcb40-6d97-4b17-ab8b-76d525d122a0": {
      "path": "C:\\Users\\ACER\\Documents\\CocosProjects\\bridger\\assets\\Core\\GameStateMachine.ts",
      "time": 1710150234287.3452,
      "removeTime": 1710150677159
    },
    "51f78f73-b323-4821-b4c1-4478b2f0ce39": {
      "path": "C:\\Users\\ACER\\Documents\\CocosProjects\\bridger\\assets\\Core\\Services\\GameUIMediator.ts",
      "time": 1710150071185.2366,
      "removeTime": 1710150677160
    },
    "4d9df7fb-b410-40f4-be3d-4fdac550f4ce": {
      "path": "C:\\Users\\ACER\\Documents\\CocosProjects\\bridger\\assets\\Core\\Services\\InputService.ts",
      "time": 1710154249614.566,
      "removeTime": 1710284077715
    },
    "3409eafd-71b1-4ea5-a280-acdc21d5cd54": {
      "path": "C:\\Users\\ACER\\Documents\\CocosProjects\\bridger\\assets\\Core\\Character\\CharacterStick.ts",
      "time": 1710155272380.1182,
      "removeTime": 1710289608516
    },
    "e704cb54-7fe3-4cd6-bc7a-8990e49407c2": {
      "path": "C:\\Users\\ACER\\Documents\\CocosProjects\\bridger\\assets\\audio",
      "time": 1710417584504.4248,
      "removeTime": 1710417589979
    },
    "40e6645b-ea4d-438e-ab28-5dda1f884a29": {
      "path": "C:\\Users\\ACER\\Documents\\CocosProjects\\bridger\\assets\\cyan.png",
      "time": 1710419016505.363,
      "removeTime": 1710419041748
    }
  }
}
