{
    "systemInfo": {
        "arch": "x64",
        "cpu": "12th Gen Intel(R) Core(TM) i7-12700H",
        "version": "Windows 10 Pro"
    },
    "sceneListMap": {
        "eba5db18-0821-4a99-8171-4ce210c0efe6": "C:\\Users\\ACER\\Documents\\CocosProjects\\bridger\\assets\\Scenes\\Game.scene",
        "3ef5a7e4-89c6-427f-bf5b-55533acc0445": "C:\\Users\\ACER\\Documents\\CocosProjects\\bridger\\assets\\Scenes\\StartScene.scene",
        "ee5b0d74-5e5e-41c7-9cf8-88f2b1212637": "C:\\Users\\ACER\\Documents\\CocosProjects\\bridger\\assets\\Prefab\\Character.prefab",
        "a504ae5c-8e32-4b2a-9459-80c1c203c634": "C:\\Users\\ACER\\Documents\\CocosProjects\\bridger\\assets\\Scenes\\1.Bootstrap.scene"
    },
    "deviceMd5": "069df0dd27785462586b84eb17b5f49b"
}
