{
  "imports": {
    "cce:/internal/x/cc": "./chunks/93/93ba276ea7b26ffcdc433fab14afc1ed6f05647b.js",
    "cce:/internal/x/prerequisite-imports": "./chunks/6d/6d8fd2b0177941b032ddc0733af48a561fb60657.js",
    "file:///C:/ProgramData/cocos/editors/Creator/3.8.2/resources/resources/3d/engine/editor/assets/tools/debug-view-runtime-control.ts": "./chunks/dd/dd8ffe4b66ab421921fe26a7524871e3101b074e.js",
    "file:///C:/Users/ACER/Documents/CocosProjects/bridger/assets/Core/Bootstrap.ts": "./chunks/c3/c3e019f2a1daab685ff2959e23c9502acf69c602.js",
    "file:///C:/Users/ACER/Documents/CocosProjects/bridger/assets/Core/Character/CharacterFabric.ts": "./chunks/ac/ac576cd243b593a4b8aeccf7258903a8ae4e0bf0.js",
    "file:///C:/Users/ACER/Documents/CocosProjects/bridger/assets/Core/Character/CharacterMediator.ts": "./chunks/42/422137f0bbbba58a34d46b6047a0fbaddfe28738.js",
    "file:///C:/Users/ACER/Documents/CocosProjects/bridger/assets/Core/Character/CharacterMovement.ts": "./chunks/fa/faec83c9044eaf720bf5f1aa5982dffda98234df.js",
    "file:///C:/Users/ACER/Documents/CocosProjects/bridger/assets/Core/Character/CharacterStick.ts": "./chunks/1b/1b87f3a624a29d8cc6ad3adc5ab982bedf23da94.js",
    "file:///C:/Users/ACER/Documents/CocosProjects/bridger/assets/Core/Character/CharacterVisual.ts": "./chunks/89/8948999b41033bb91ea018d8b2ae87e7c745be2b.js",
    "file:///C:/Users/ACER/Documents/CocosProjects/bridger/assets/Core/Character/Platform.ts": "./chunks/7f/7f6b30ec7879bcbd075f30644912347db2805493.js",
    "file:///C:/Users/ACER/Documents/CocosProjects/bridger/assets/Core/Character/PlatformFabric.ts": "./chunks/b3/b30fa4758e67f2149217807fc472c09b6c02c3e1.js",
    "file:///C:/Users/ACER/Documents/CocosProjects/bridger/assets/Core/Character/Stick.ts": "./chunks/52/5223ee5af0e4c8996068f78c48e37c1ec420efc1.js",
    "file:///C:/Users/ACER/Documents/CocosProjects/bridger/assets/Core/Context/Context.ts": "./chunks/b3/b3aad1ac6136da38435ddcf2f4fa8e1ee92c978c.js",
    "file:///C:/Users/ACER/Documents/CocosProjects/bridger/assets/Core/Context/GameSceneContext.ts": "./chunks/1f/1f714a4bd367f4de849d765664c7492b7328989a.js",
    "file:///C:/Users/ACER/Documents/CocosProjects/bridger/assets/Core/Context/ProjectContext.ts": "./chunks/de/dea1c35a33ba601815c88f3b17d5a2ab664bfa8a.js",
    "file:///C:/Users/ACER/Documents/CocosProjects/bridger/assets/Core/Context/SceneContext.ts": "./chunks/d6/d6bf1ec2ac02d491c3a3f124fe6962d7e9afd85a.js",
    "file:///C:/Users/ACER/Documents/CocosProjects/bridger/assets/Core/GameStates/GameStateMachine.ts": "./chunks/9a/9a459e66857eca78498790e0c325ea8ff629c6b5.js",
    "file:///C:/Users/ACER/Documents/CocosProjects/bridger/assets/Core/SceneStateMachine.ts": "./chunks/32/324b8a1df68005f6fd317a29ada62b4f5f7f900a.js",
    "file:///C:/Users/ACER/Documents/CocosProjects/bridger/assets/Core/Services/InputHandler.ts": "./chunks/04/04587df5e867890084705b06580452b85a4f529f.js",
    "file:///C:/Users/ACER/Documents/CocosProjects/bridger/assets/Core/Services/PlayerProfile.ts": "./chunks/55/55eebf29887c797dfd5f70c17b01902112b15cc7.js",
    "file:///C:/Users/ACER/Documents/CocosProjects/bridger/assets/Core/Services/SaveLoad.ts": "./chunks/79/79047743e61a107dcd65cfc5cdf4797e1d556a83.js",
    "file:///C:/Users/ACER/Documents/CocosProjects/bridger/assets/Core/Services/SceneManager.ts": "./chunks/8e/8e15a14ad9215c6bec2a331632a1a0bf33045454.js",
    "file:///C:/Users/ACER/Documents/CocosProjects/bridger/assets/Core/Services/SoundManager.ts": "./chunks/e2/e28449e6a9705678251addc24e3de76aa4273397.js",
    "file:///C:/Users/ACER/Documents/CocosProjects/bridger/assets/Core/UI/CurtainUI.ts": "./chunks/6f/6fd42d3b1dc9e5c38e4a3bbcf2382308f3539fc6.js",
    "file:///C:/Users/ACER/Documents/CocosProjects/bridger/assets/Core/UI/EndgameUiPanel.ts": "./chunks/0f/0f2e309bf1079679cc0c3f18b672813f2908e931.js",
    "file:///C:/Users/ACER/Documents/CocosProjects/bridger/assets/Core/UI/GameUIMediator.ts": "./chunks/e6/e6cd242b5d808f79203036642b75e9594ce99736.js",
    "file:///C:/Users/ACER/Documents/CocosProjects/bridger/assets/Core/UI/GameUIPanel.ts": "./chunks/8c/8c86bc0984ec322a8da537b81c1b256a04ebbdd3.js",
    "file:///C:/Users/ACER/Documents/CocosProjects/bridger/assets/Core/UI/MenuUiPanel.ts": "./chunks/75/7537bee9e3d33a6c9e86e1f5ee8545e144d4f0f2.js",
    "file:///C:/Users/ACER/Documents/CocosProjects/bridger/assets/Core/UI/UiPanel.ts": "./chunks/2e/2ed70ba7c79bb564cdf7e8545d91db2880fe0b0f.js",
    "file:///C:/Users/ACER/Documents/CocosProjects/bridger/assets/Core/Utils/Utils.ts": "./chunks/10/10948a05e7b77f2d02909778d2c3fdca02e1b2a8.js"
  },
  "scopes": {
    "./chunks/93/93ba276ea7b26ffcdc433fab14afc1ed6f05647b.js": {
      "__unresolved_0": "cce:/internal/x/cc-fu/base",
      "__unresolved_1": "cce:/internal/x/cc-fu/gfx-webgl",
      "__unresolved_10": "cce:/internal/x/cc-fu/particle",
      "__unresolved_11": "cce:/internal/x/cc-fu/particle-2d",
      "__unresolved_12": "cce:/internal/x/cc-fu/physics-framework",
      "__unresolved_13": "cce:/internal/x/cc-fu/physics-2d-framework",
      "__unresolved_14": "cce:/internal/x/cc-fu/physics-2d-box2d-wasm",
      "__unresolved_15": "cce:/internal/x/cc-fu/intersection-2d",
      "__unresolved_16": "cce:/internal/x/cc-fu/primitive",
      "__unresolved_17": "cce:/internal/x/cc-fu/profiler",
      "__unresolved_18": "cce:/internal/x/cc-fu/geometry-renderer",
      "__unresolved_19": "cce:/internal/x/cc-fu/audio",
      "__unresolved_2": "cce:/internal/x/cc-fu/gfx-webgl2",
      "__unresolved_20": "cce:/internal/x/cc-fu/video",
      "__unresolved_21": "cce:/internal/x/cc-fu/xr",
      "__unresolved_22": "cce:/internal/x/cc-fu/light-probe",
      "__unresolved_23": "cce:/internal/x/cc-fu/terrain",
      "__unresolved_24": "cce:/internal/x/cc-fu/webview",
      "__unresolved_25": "cce:/internal/x/cc-fu/tween",
      "__unresolved_26": "cce:/internal/x/cc-fu/tiled-map",
      "__unresolved_27": "cce:/internal/x/cc-fu/spine",
      "__unresolved_28": "cce:/internal/x/cc-fu/dragon-bones",
      "__unresolved_29": "cce:/internal/x/cc-fu/custom-pipeline",
      "__unresolved_3": "cce:/internal/x/cc-fu/gfx-empty",
      "__unresolved_4": "cce:/internal/x/cc-fu/3d",
      "__unresolved_5": "cce:/internal/x/cc-fu/animation",
      "__unresolved_6": "cce:/internal/x/cc-fu/skeletal-animation",
      "__unresolved_7": "cce:/internal/x/cc-fu/2d",
      "__unresolved_8": "cce:/internal/x/cc-fu/sorting",
      "__unresolved_9": "cce:/internal/x/cc-fu/ui"
    },
    "./chunks/6d/6d8fd2b0177941b032ddc0733af48a561fb60657.js": {
      "__unresolved_0": "./chunks/dd/dd8ffe4b66ab421921fe26a7524871e3101b074e.js",
      "__unresolved_1": "./chunks/c3/c3e019f2a1daab685ff2959e23c9502acf69c602.js",
      "__unresolved_10": "./chunks/b3/b3aad1ac6136da38435ddcf2f4fa8e1ee92c978c.js",
      "__unresolved_11": "./chunks/1f/1f714a4bd367f4de849d765664c7492b7328989a.js",
      "__unresolved_12": "./chunks/de/dea1c35a33ba601815c88f3b17d5a2ab664bfa8a.js",
      "__unresolved_13": "./chunks/d6/d6bf1ec2ac02d491c3a3f124fe6962d7e9afd85a.js",
      "__unresolved_14": "./chunks/9a/9a459e66857eca78498790e0c325ea8ff629c6b5.js",
      "__unresolved_15": "./chunks/32/324b8a1df68005f6fd317a29ada62b4f5f7f900a.js",
      "__unresolved_16": "./chunks/04/04587df5e867890084705b06580452b85a4f529f.js",
      "__unresolved_17": "./chunks/55/55eebf29887c797dfd5f70c17b01902112b15cc7.js",
      "__unresolved_18": "./chunks/79/79047743e61a107dcd65cfc5cdf4797e1d556a83.js",
      "__unresolved_19": "./chunks/8e/8e15a14ad9215c6bec2a331632a1a0bf33045454.js",
      "__unresolved_2": "./chunks/ac/ac576cd243b593a4b8aeccf7258903a8ae4e0bf0.js",
      "__unresolved_20": "./chunks/e2/e28449e6a9705678251addc24e3de76aa4273397.js",
      "__unresolved_21": "./chunks/6f/6fd42d3b1dc9e5c38e4a3bbcf2382308f3539fc6.js",
      "__unresolved_22": "./chunks/0f/0f2e309bf1079679cc0c3f18b672813f2908e931.js",
      "__unresolved_23": "./chunks/e6/e6cd242b5d808f79203036642b75e9594ce99736.js",
      "__unresolved_24": "./chunks/8c/8c86bc0984ec322a8da537b81c1b256a04ebbdd3.js",
      "__unresolved_25": "./chunks/75/7537bee9e3d33a6c9e86e1f5ee8545e144d4f0f2.js",
      "__unresolved_26": "./chunks/2e/2ed70ba7c79bb564cdf7e8545d91db2880fe0b0f.js",
      "__unresolved_27": "./chunks/10/10948a05e7b77f2d02909778d2c3fdca02e1b2a8.js",
      "__unresolved_3": "./chunks/42/422137f0bbbba58a34d46b6047a0fbaddfe28738.js",
      "__unresolved_4": "./chunks/fa/faec83c9044eaf720bf5f1aa5982dffda98234df.js",
      "__unresolved_5": "./chunks/1b/1b87f3a624a29d8cc6ad3adc5ab982bedf23da94.js",
      "__unresolved_6": "./chunks/89/8948999b41033bb91ea018d8b2ae87e7c745be2b.js",
      "__unresolved_7": "./chunks/7f/7f6b30ec7879bcbd075f30644912347db2805493.js",
      "__unresolved_8": "./chunks/b3/b30fa4758e67f2149217807fc472c09b6c02c3e1.js",
      "__unresolved_9": "./chunks/52/5223ee5af0e4c8996068f78c48e37c1ec420efc1.js"
    },
    "./chunks/52/5223ee5af0e4c8996068f78c48e37c1ec420efc1.js": {
      "cc": "./chunks/93/93ba276ea7b26ffcdc433fab14afc1ed6f05647b.js"
    },
    "./chunks/b3/b30fa4758e67f2149217807fc472c09b6c02c3e1.js": {
      "__unresolved_0": "./chunks/6a/6a5019a719a9014c047e67aa1cf34453ab8392ce.js",
      "__unresolved_1": "./chunks/7f/7f6b30ec7879bcbd075f30644912347db2805493.js",
      "cc": "./chunks/93/93ba276ea7b26ffcdc433fab14afc1ed6f05647b.js"
    },
    "./chunks/7f/7f6b30ec7879bcbd075f30644912347db2805493.js": {
      "__unresolved_0": "./chunks/6a/6a5019a719a9014c047e67aa1cf34453ab8392ce.js",
      "__unresolved_1": "./chunks/10/10948a05e7b77f2d02909778d2c3fdca02e1b2a8.js",
      "__unresolved_2": "./chunks/52/5223ee5af0e4c8996068f78c48e37c1ec420efc1.js",
      "cc": "./chunks/93/93ba276ea7b26ffcdc433fab14afc1ed6f05647b.js"
    },
    "./chunks/10/10948a05e7b77f2d02909778d2c3fdca02e1b2a8.js": {
      "cc": "./chunks/93/93ba276ea7b26ffcdc433fab14afc1ed6f05647b.js"
    },
    "./chunks/89/8948999b41033bb91ea018d8b2ae87e7c745be2b.js": {
      "cc": "./chunks/93/93ba276ea7b26ffcdc433fab14afc1ed6f05647b.js"
    },
    "./chunks/1b/1b87f3a624a29d8cc6ad3adc5ab982bedf23da94.js": {
      "cc": "./chunks/93/93ba276ea7b26ffcdc433fab14afc1ed6f05647b.js"
    },
    "./chunks/fa/faec83c9044eaf720bf5f1aa5982dffda98234df.js": {
      "cc": "./chunks/93/93ba276ea7b26ffcdc433fab14afc1ed6f05647b.js"
    },
    "./chunks/42/422137f0bbbba58a34d46b6047a0fbaddfe28738.js": {
      "__unresolved_0": "./chunks/6a/6a5019a719a9014c047e67aa1cf34453ab8392ce.js",
      "__unresolved_1": "./chunks/fa/faec83c9044eaf720bf5f1aa5982dffda98234df.js",
      "__unresolved_2": "./chunks/89/8948999b41033bb91ea018d8b2ae87e7c745be2b.js",
      "cc": "./chunks/93/93ba276ea7b26ffcdc433fab14afc1ed6f05647b.js"
    },
    "./chunks/2e/2ed70ba7c79bb564cdf7e8545d91db2880fe0b0f.js": {
      "__unresolved_0": "./chunks/6a/6a5019a719a9014c047e67aa1cf34453ab8392ce.js",
      "cc": "./chunks/93/93ba276ea7b26ffcdc433fab14afc1ed6f05647b.js"
    },
    "./chunks/75/7537bee9e3d33a6c9e86e1f5ee8545e144d4f0f2.js": {
      "__unresolved_0": "./chunks/6a/6a5019a719a9014c047e67aa1cf34453ab8392ce.js",
      "__unresolved_1": "./chunks/2e/2ed70ba7c79bb564cdf7e8545d91db2880fe0b0f.js",
      "cc": "./chunks/93/93ba276ea7b26ffcdc433fab14afc1ed6f05647b.js"
    },
    "./chunks/8c/8c86bc0984ec322a8da537b81c1b256a04ebbdd3.js": {
      "__unresolved_0": "./chunks/6a/6a5019a719a9014c047e67aa1cf34453ab8392ce.js",
      "__unresolved_1": "./chunks/2e/2ed70ba7c79bb564cdf7e8545d91db2880fe0b0f.js",
      "cc": "./chunks/93/93ba276ea7b26ffcdc433fab14afc1ed6f05647b.js"
    },
    "./chunks/e6/e6cd242b5d808f79203036642b75e9594ce99736.js": {
      "__unresolved_0": "./chunks/6a/6a5019a719a9014c047e67aa1cf34453ab8392ce.js",
      "__unresolved_1": "./chunks/75/7537bee9e3d33a6c9e86e1f5ee8545e144d4f0f2.js",
      "__unresolved_2": "./chunks/8c/8c86bc0984ec322a8da537b81c1b256a04ebbdd3.js",
      "__unresolved_3": "./chunks/0f/0f2e309bf1079679cc0c3f18b672813f2908e931.js",
      "__unresolved_4": "./chunks/6f/6fd42d3b1dc9e5c38e4a3bbcf2382308f3539fc6.js",
      "cc": "./chunks/93/93ba276ea7b26ffcdc433fab14afc1ed6f05647b.js"
    },
    "./chunks/6f/6fd42d3b1dc9e5c38e4a3bbcf2382308f3539fc6.js": {
      "__unresolved_0": "./chunks/6a/6a5019a719a9014c047e67aa1cf34453ab8392ce.js",
      "__unresolved_1": "./chunks/2e/2ed70ba7c79bb564cdf7e8545d91db2880fe0b0f.js",
      "cc": "./chunks/93/93ba276ea7b26ffcdc433fab14afc1ed6f05647b.js"
    },
    "./chunks/0f/0f2e309bf1079679cc0c3f18b672813f2908e931.js": {
      "__unresolved_0": "./chunks/6a/6a5019a719a9014c047e67aa1cf34453ab8392ce.js",
      "__unresolved_1": "./chunks/2e/2ed70ba7c79bb564cdf7e8545d91db2880fe0b0f.js",
      "cc": "./chunks/93/93ba276ea7b26ffcdc433fab14afc1ed6f05647b.js"
    },
    "./chunks/e2/e28449e6a9705678251addc24e3de76aa4273397.js": {
      "cc": "./chunks/93/93ba276ea7b26ffcdc433fab14afc1ed6f05647b.js"
    },
    "./chunks/ac/ac576cd243b593a4b8aeccf7258903a8ae4e0bf0.js": {
      "__unresolved_0": "./chunks/6a/6a5019a719a9014c047e67aa1cf34453ab8392ce.js",
      "__unresolved_1": "./chunks/42/422137f0bbbba58a34d46b6047a0fbaddfe28738.js",
      "cc": "./chunks/93/93ba276ea7b26ffcdc433fab14afc1ed6f05647b.js"
    },
    "./chunks/8e/8e15a14ad9215c6bec2a331632a1a0bf33045454.js": {
      "cc": "./chunks/93/93ba276ea7b26ffcdc433fab14afc1ed6f05647b.js"
    },
    "./chunks/79/79047743e61a107dcd65cfc5cdf4797e1d556a83.js": {
      "cc": "./chunks/93/93ba276ea7b26ffcdc433fab14afc1ed6f05647b.js"
    },
    "./chunks/55/55eebf29887c797dfd5f70c17b01902112b15cc7.js": {
      "__unresolved_0": "./chunks/6a/6a5019a719a9014c047e67aa1cf34453ab8392ce.js",
      "__unresolved_1": "./chunks/e6/e6cd242b5d808f79203036642b75e9594ce99736.js",
      "__unresolved_2": "./chunks/79/79047743e61a107dcd65cfc5cdf4797e1d556a83.js",
      "cc": "./chunks/93/93ba276ea7b26ffcdc433fab14afc1ed6f05647b.js"
    },
    "./chunks/04/04587df5e867890084705b06580452b85a4f529f.js": {
      "cc": "./chunks/93/93ba276ea7b26ffcdc433fab14afc1ed6f05647b.js"
    },
    "./chunks/32/324b8a1df68005f6fd317a29ada62b4f5f7f900a.js": {
      "__unresolved_0": "./chunks/6a/6a5019a719a9014c047e67aa1cf34453ab8392ce.js",
      "__unresolved_1": "./chunks/8e/8e15a14ad9215c6bec2a331632a1a0bf33045454.js",
      "__unresolved_2": "./chunks/1f/1f714a4bd367f4de849d765664c7492b7328989a.js",
      "cc": "./chunks/93/93ba276ea7b26ffcdc433fab14afc1ed6f05647b.js"
    },
    "./chunks/1f/1f714a4bd367f4de849d765664c7492b7328989a.js": {
      "__unresolved_0": "./chunks/6a/6a5019a719a9014c047e67aa1cf34453ab8392ce.js",
      "__unresolved_1": "./chunks/9a/9a459e66857eca78498790e0c325ea8ff629c6b5.js",
      "__unresolved_2": "./chunks/e6/e6cd242b5d808f79203036642b75e9594ce99736.js",
      "__unresolved_3": "./chunks/ac/ac576cd243b593a4b8aeccf7258903a8ae4e0bf0.js",
      "__unresolved_4": "./chunks/d6/d6bf1ec2ac02d491c3a3f124fe6962d7e9afd85a.js",
      "__unresolved_5": "./chunks/b3/b30fa4758e67f2149217807fc472c09b6c02c3e1.js",
      "__unresolved_6": "./chunks/55/55eebf29887c797dfd5f70c17b01902112b15cc7.js",
      "__unresolved_7": "./chunks/79/79047743e61a107dcd65cfc5cdf4797e1d556a83.js",
      "__unresolved_8": "./chunks/e2/e28449e6a9705678251addc24e3de76aa4273397.js",
      "cc": "./chunks/93/93ba276ea7b26ffcdc433fab14afc1ed6f05647b.js"
    },
    "./chunks/d6/d6bf1ec2ac02d491c3a3f124fe6962d7e9afd85a.js": {
      "__unresolved_0": "./chunks/6a/6a5019a719a9014c047e67aa1cf34453ab8392ce.js",
      "__unresolved_1": "./chunks/b3/b3aad1ac6136da38435ddcf2f4fa8e1ee92c978c.js",
      "cc": "./chunks/93/93ba276ea7b26ffcdc433fab14afc1ed6f05647b.js"
    },
    "./chunks/b3/b3aad1ac6136da38435ddcf2f4fa8e1ee92c978c.js": {
      "cc": "./chunks/93/93ba276ea7b26ffcdc433fab14afc1ed6f05647b.js"
    },
    "./chunks/9a/9a459e66857eca78498790e0c325ea8ff629c6b5.js": {
      "__unresolved_0": "./chunks/6a/6a5019a719a9014c047e67aa1cf34453ab8392ce.js",
      "__unresolved_1": "./chunks/e6/e6cd242b5d808f79203036642b75e9594ce99736.js",
      "__unresolved_2": "./chunks/ac/ac576cd243b593a4b8aeccf7258903a8ae4e0bf0.js",
      "__unresolved_3": "./chunks/b3/b30fa4758e67f2149217807fc472c09b6c02c3e1.js",
      "__unresolved_4": "./chunks/10/10948a05e7b77f2d02909778d2c3fdca02e1b2a8.js",
      "__unresolved_5": "./chunks/55/55eebf29887c797dfd5f70c17b01902112b15cc7.js",
      "__unresolved_6": "./chunks/e2/e28449e6a9705678251addc24e3de76aa4273397.js",
      "cc": "./chunks/93/93ba276ea7b26ffcdc433fab14afc1ed6f05647b.js"
    },
    "./chunks/de/dea1c35a33ba601815c88f3b17d5a2ab664bfa8a.js": {
      "__unresolved_0": "./chunks/6a/6a5019a719a9014c047e67aa1cf34453ab8392ce.js",
      "__unresolved_1": "./chunks/32/324b8a1df68005f6fd317a29ada62b4f5f7f900a.js",
      "__unresolved_2": "./chunks/b3/b3aad1ac6136da38435ddcf2f4fa8e1ee92c978c.js",
      "__unresolved_3": "./chunks/79/79047743e61a107dcd65cfc5cdf4797e1d556a83.js",
      "__unresolved_4": "./chunks/e2/e28449e6a9705678251addc24e3de76aa4273397.js",
      "cc": "./chunks/93/93ba276ea7b26ffcdc433fab14afc1ed6f05647b.js"
    },
    "./chunks/c3/c3e019f2a1daab685ff2959e23c9502acf69c602.js": {
      "__unresolved_0": "./chunks/6a/6a5019a719a9014c047e67aa1cf34453ab8392ce.js",
      "__unresolved_1": "./chunks/de/dea1c35a33ba601815c88f3b17d5a2ab664bfa8a.js",
      "cc": "./chunks/93/93ba276ea7b26ffcdc433fab14afc1ed6f05647b.js"
    },
    "./chunks/dd/dd8ffe4b66ab421921fe26a7524871e3101b074e.js": {
      "cc": "./chunks/93/93ba276ea7b26ffcdc433fab14afc1ed6f05647b.js"
    }
  }
}
