{
  "gizmos-infos": {
    "is2D": true,
    "is3DIcon": false,
    "iconSize": 2,
    "gridVisible": true,
    "gridColor": [
      85,
      85,
      85,
      255
    ],
    "transformToolName": "position",
    "pivot": "pivot",
    "coordinate": "local",
    "toolsVisibility3d": true
  },
  "__version__": "1.0.0",
  "builder": {},
  "snap-configs": {
    "position": {
      "x": 1,
      "y": 1,
      "z": 1
    },
    "rotation": 1,
    "scale": 1,
    "isPositionSnapEnabled": false,
    "isRotationSnapEnabled": false,
    "isScaleSnapEnabled": false
  },
  "rect-snap-configs": {
    "enableSnapping": true,
    "snapThreshold": 4
  },
  "float-window": {
    "position": {
      "cc": {
        "Camera": {
          "dock": false,
          "top": null,
          "bottom": 10,
          "left": null,
          "right": 10
        }
      }
    }
  },
  "camera-infos": {
    "eba5db18-0821-4a99-8171-4ce210c0efe6": {
      "position": {
        "x": 631.1519644976629,
        "y": 238.38060217842371,
        "z": 5000
      },
      "rotation": {
        "x": 0,
        "y": 0,
        "z": 0,
        "w": 1
      },
      "viewCenter": {
        "x": 0,
        "y": 0,
        "z": 0
      },
      "contentRect": {
        "x": 477.59406467494733,
        "y": 129.32166619982044,
        "width": 1248.9197324414715,
        "height": 887
      },
      "scale": 4.066608536204793
    },
    "7a927bf0-b52d-436c-a349-3fe3f38fd5f1": {
      "position": {
        "x": -806.0617349665924,
        "y": -1239.692,
        "z": 5000
      },
      "rotation": {
        "x": 0,
        "y": 0,
        "z": 0,
        "w": 1
      },
      "viewCenter": {
        "x": 0,
        "y": 0,
        "z": 0
      },
      "contentRect": {
        "x": -1409.2688619153676,
        "y": -1683.692,
        "width": 10,
        "height": 10
      },
      "scale": 1
    },
    "eecd55da-71f9-45f9-afb2-99c4bae99685": {
      "position": {
        "x": 617,
        "y": 448.5,
        "z": 5000
      },
      "rotation": {
        "x": 0,
        "y": 0,
        "z": 0,
        "w": 1
      },
      "viewCenter": {
        "x": 0,
        "y": 0,
        "z": 0
      },
      "contentRect": {
        "x": 595.2576099210822,
        "y": 423.7237880496054,
        "width": 1220.2430323299889,
        "height": 887
      },
      "scale": 0.9888517279821628
    },
    "ee5b0d74-5e5e-41c7-9cf8-88f2b1212637": {
      "position": {
        "x": 425.5,
        "y": 448.5,
        "z": 5000
      },
      "rotation": {
        "x": 0,
        "y": 0,
        "z": 0,
        "w": 1
      },
      "viewCenter": {
        "x": 0,
        "y": 0,
        "z": 0
      },
      "contentRect": {
        "x": 0,
        "y": 0,
        "width": 841,
        "height": 886.4594594594595
      },
      "scale": 0.9882491186839013
    },
    "c77ecaa8-c936-46c4-a5b0-98692673ed87": {
      "position": {
        "x": 360,
        "y": 639.9999999999999,
        "z": 5000
      },
      "rotation": {
        "x": 0,
        "y": 0,
        "z": 0,
        "w": 1
      },
      "viewCenter": {
        "x": 0,
        "y": 0,
        "z": 0
      },
      "contentRect": {
        "x": 0,
        "y": 0,
        "width": 422,
        "height": 750.2222222222222
      },
      "scale": 0.9768518518518519
    },
    "a504ae5c-8e32-4b2a-9459-80c1c203c634": {
      "position": {
        "x": 552.1716666666666,
        "y": 438.07249999999993,
        "z": 5000
      },
      "rotation": {
        "x": 0,
        "y": 0,
        "z": 0,
        "w": 1
      },
      "viewCenter": {
        "x": 0,
        "y": 0,
        "z": 0
      },
      "contentRect": {
        "x": 0,
        "y": 0,
        "width": 1220.2430323299889,
        "height": 887
      },
      "scale": 0.9888517279821628
    },
    "3ef5a7e4-89c6-427f-bf5b-55533acc0445": {
      "position": {
        "x": -11009.791753075211,
        "y": -7508.123986184849,
        "z": 5000
      },
      "rotation": {
        "x": 0,
        "y": 0,
        "z": 0,
        "w": 1
      },
      "viewCenter": {
        "x": 0,
        "y": 0,
        "z": 0
      },
      "contentRect": {
        "x": -12101.939859635726,
        "y": -8302.011224097962,
        "width": 68.54167175292969,
        "height": 50.40000000000009
      },
      "scale": 0.5586435690361087
    }
  },
  "camera-uuids": [
    "eba5db18-0821-4a99-8171-4ce210c0efe6",
    "7a927bf0-b52d-436c-a349-3fe3f38fd5f1",
    "eecd55da-71f9-45f9-afb2-99c4bae99685",
    "ee5b0d74-5e5e-41c7-9cf8-88f2b1212637",
    "c77ecaa8-c936-46c4-a5b0-98692673ed87",
    "a504ae5c-8e32-4b2a-9459-80c1c203c634",
    "3ef5a7e4-89c6-427f-bf5b-55533acc0445"
  ],
  "camera": {
    "color": [
      48,
      48,
      48,
      255
    ],
    "fov": 45,
    "far": 10000,
    "near": 0.01,
    "wheelSpeed": 0.01,
    "wanderSpeed": 10,
    "enableAcceleration": true,
    "size": "__default_design__",
    "far2D": 10000,
    "near2D": 1,
    "wheelSpeed2D": 6,
    "iso": 0,
    "aperture": 19,
    "shutter": 7
  },
  "scene_view": {
    "isSceneLightOn": true,
    "output_device": "__default_design__"
  },
  "game-view": {
    "devicesInfo": {
      "name": "i18n:scene.game_view.design_resolution",
      "type": "design",
      "width": 1280,
      "height": 720
    },
    "scaleValue": 60,
    "sliderValue": 28,
    "stats": false
  }
}
